{"cameraMode":{"drawMode":0,"name":"Shaded","section":"Shading Mode"},"sceneLighting":false,"audioPlay":false,"sceneViewState":{"showFog":false,"showMaterialUpdate":false,"showSkybox":false,"showFlares":false,"showImageEffects":false,"showParticleSystems":false},"in2DMode":false,"pivot":{"x":-0.0006779506802558899,"y":-0.10243436694145203,"z":-0.01414581947028637},"rotation":{"x":-0.04146237298846245,"y":-0.6120479702949524,"z":0.032166738063097,"w":-0.7890966534614563},"size":0.6070477962493897,"orthographic":false}