{"cameraMode":{"drawMode":0,"name":"Shaded","section":"Shading Mode"},"sceneLighting":false,"audioPlay":false,"sceneViewState":{"showFog":false,"showMaterialUpdate":false,"showSkybox":false,"showFlares":false,"showImageEffects":false,"showParticleSystems":false},"in2DMode":false,"pivot":{"x":0.001365426927804947,"y":-0.0001279842108488083,"z":-0.04996666684746742},"rotation":{"x":-0.04146237298846245,"y":-0.6120479702949524,"z":0.032166738063097,"w":-0.7890966534614563},"size":0.6070477366447449,"orthographic":false}