{"cameraMode":{"drawMode":0,"name":"Shaded","section":"Shading Mode"},"sceneLighting":false,"audioPlay":false,"sceneViewState":{"showFog":false,"showMaterialUpdate":false,"showSkybox":false,"showFlares":false,"showImageEffects":false,"showParticleSystems":false},"in2DMode":false,"pivot":{"x":1.272525429725647,"y":-0.47243988513946535,"z":-0.94884192943573},"rotation":{"x":-0.0906754732131958,"y":-0.6868439316749573,"z":0.08700913935899735,"w":-0.7158781290054321},"size":2.852564573287964,"orthographic":false}