{"cameraMode":{"drawMode":0,"name":"Shaded","section":"Shading Mode"},"sceneLighting":true,"audioPlay":false,"sceneViewState":{"showFog":false,"showMaterialUpdate":false,"showSkybox":false,"showFlares":false,"showImageEffects":false,"showParticleSystems":false},"in2DMode":false,"pivot":{"x":0.079071044921875,"y":1.824390172958374,"z":1.203194499015808},"rotation":{"x":-0.20888113975524903,"y":-0.11063259094953537,"z":0.023790283128619195,"w":-0.9713833928108215},"size":11.706252098083496,"orthographic":false}