{"cameraMode":{"drawMode":0,"name":"Shaded","section":"Shading Mode"},"sceneLighting":true,"audioPlay":false,"sceneViewState":{"showFog":false,"showMaterialUpdate":false,"showSkybox":false,"showFlares":false,"showImageEffects":false,"showParticleSystems":false},"in2DMode":false,"pivot":{"x":0.05193421617150307,"y":3.9996299743652345,"z":1.6407711505889893},"rotation":{"x":0.5552625060081482,"y":0.13575774431228639,"z":-0.09245923906564713,"w":0.8152967691421509},"size":0.3869234621524811,"orthographic":false}