{"cameraMode":{"drawMode":0,"name":"Shaded","section":"Shading Mode"},"sceneLighting":false,"audioPlay":false,"sceneViewState":{"showFog":false,"showMaterialUpdate":false,"showSkybox":false,"showFlares":false,"showImageEffects":false,"showParticleSystems":false},"in2DMode":false,"pivot":{"x":0.0,"y":0.09791669249534607,"z":-1.1175870895385743e-8},"rotation":{"x":-0.021204842254519464,"y":-0.6185762286186218,"z":0.01670966111123562,"w":-0.7852802276611328},"size":0.08176685124635697,"orthographic":false}