{"cameraMode":{"drawMode":0,"name":"Shaded","section":"Shading Mode"},"sceneLighting":true,"audioPlay":false,"sceneViewState":{"showFog":false,"showMaterialUpdate":false,"showSkybox":false,"showFlares":false,"showImageEffects":false,"showParticleSystems":false},"in2DMode":false,"pivot":{"x":1746.4801025390625,"y":551.5877075195313,"z":-27.6597900390625},"rotation":{"x":0.0008979608537629247,"y":-0.0044998181983828548,"z":0.000004867633833782747,"w":0.999992847442627},"size":1128.7537841796875,"orthographic":false}